UBICACIÓN TECNICA,Codigo SAP,NOMBRE DEL EQUIPO
PSAI-AZ-EX-AE,108270.0,Agua rechazo 1
PSAI-AZ-EX-AE,109317.0,ANTES BBA AGUA RECHAZO 1
PSAI-AZ-EX-AE,108271.0,Agua rechazo 3
PSAI-AZ-EX-AE,109111.0,ANTES BBA AGUA RECHAZO 3
PSAI-AZ-EX-AE,109036.0,"RE0682, 1800 HP, RATIO 2.28"
PSAI-AZ-EX-AE,112806.0,Lubricación Picadora 2 TA
PSAI-AZ-EX-AE,114031.0,BOMBA LUB PICADORA 2 TA
PSAI-AZ-EX-AE,109037.0,Electroimán TA
PSAI-AZ-EX-AE,109052.0,ANTES REDUCTOR BAJA MOLINO 3TA
PSAI-AZ-EX-AE,109055.0,ANTES MOV.COND INTERMEDIO 4 TA
PSAI-AZ-EX-AE,109067.0,ANTES BOMBA 2 JUGO FILTRADO TA
PSAI-AZ-EX-AE,109078.0,ANTES BOMBA HID GRUA VOLTEO TB
PSAI-AZ-EX-AE,109084.0,ANTES MOV. CONDUCTOR CAÑA 2 TB
PSAI-AZ-EX-AE,109087.0,"RE0629, 1800HP, RATIO 2.30"
PSAI-AZ-EX-AE,112874.0,Lubricación Picadora #1 TA
PSAI-AZ-EX-AE,114053.0,BBA LUBRICACIÓN PICADORA 1TA
PSAI-AZ-EX-AE,109093.0,ANTES MOV.COND INTERMEDIO 5 TB
PSAI-AZ-EX-AE,109115.0,Tubería de agua caliente
PSAI-AZ-EX-AE,109140.0,BOMBA HIDRAÚLICA GRÚA TA
PSAI-AZ-EX-AE,109144.0,BOMBA HIDRAÚLICA GRÚA LATERAL
PSAI-AZ-EX-AE,109148.0,Lavado de rodillos de mesas TA
PSAI-AZ-EX-AE,109154.0,"RE0683, 1800 HP, RATIO 2.28"
PSAI-AZ-EX-AE,112808.0,Lubricación Picadora 3 TA
PSAI-AZ-EX-AE,114032.0,BOMBA LUB PICADORA 3 TA
PSAI-AZ-EX-AE,109170.0,ANTES MOV.COND INTERMEDIO 5 TA
PSAI-AZ-EX-AE,109177.0,ANTES MOV.COND INTERMEDIO 6 TA
PSAI-AZ-EX-AE,109183.0,ANTES BOMBA AGUA ASEPSIA AUX TA Y TB
PSAI-AZ-EX-AE,109185.0,ANTES BOMBA AGUA ASEPSIA 2 TA Y TB
PSAI-AZ-EX-AE,109186.0,ANTES BOMBA AGUA ASEPSIA 1 TA Y TB
PSAI-AZ-EX-AE,109194.0,ANTES BOMBA 1 JUGO FILTRADO TA
PSAI-AZ-EX-AE,109244.0,REDUCTOR DE BAJA M2 TB
PSAI-AZ-EX-AE,109251.0,REDUCTOR DE BAJA M3 TB
PSAI-AZ-EX-AE,109257.0,ANTES MOV.COND INTERMEDIO 4 TB
PSAI-AZ-EX-AE,109269.0,ANTES MOV.COND INTERMEDIO 6 TB
PSAI-AZ-EX-AE,109270.0,ANTES REDUCTOR DE BAJA MOL6 TB
PSAI-AZ-EX-AE,112895.0,ANTES REDUCTOR DE ALTA MOL6 TB
PSAI-AZ-EX-AE,112896.0,ANTES LUBRI AUX EJE ALTA M6 TB
PSAI-AZ-EX-AE,109271.0,Antes Acople Flexible Molino 6 TB
PSAI-AZ-EX-AE,109280.0,Electroimán TB
PSAI-AZ-EX-AE,109319.0,Tubería de agua caliente
PSAI-AZ-EX-AE,109339.0,ANTES MOV COND DE CAÑA 1 TB
PSAI-AZ-EX-AE,112445.0,ANTES MOV. CONDUCTOR CAÑA 2 TA
PSAI-AZ-EX-AE,112789.0,ANTES BOMBA LAVADO DE MESAS TA
PSAI-AZ-EX-AE,112820.0,ANTES REDUC DE ALTA MOLINO 4TA
PSAI-AZ-EX-AE,109166.0,ANTES RED DE BAJA MOLINO 4 TA
PSAI-AZ-EX-AE,114073.0,ANTES LUB.AUX RED ALTA M4TA
PSAI-AZ-EX-AE,112914.0,ANTES BBA LUB RED BAJA M4TA
PSAI-AZ-EX-AE,112916.0,ANTES LUB.AUX RED BAJA M4TA
PSAI-AZ-EX-AE,112827.0,"Hagglunds MB-1600, 8RPM"
PSAI-AZ-EX-AE,114087.0,ANTES BBA ASIST MAZA CAÑ M6TA
PSAI-AZ-EX-AE,112879.0,REDUCTOR DE ALTA MOLINO 2 TB
PSAI-AZ-EX-AE,112880.0,BBA LUBRIC AUX RED ALTA M2 TB
PSAI-AZ-EX-AE,112883.0,Antes Reductor de Alta Molino 3 TB
PSAI-AZ-EX-AE,112884.0,BBA LUBRI AUX EJE ALTA M3 TB
PSAI-AZ-EX-AE,112915.0,ANTES LUBR AUX EJE ALTA M3 TA
PSAI-AZ-EX-AE,120702.0,ANTES NIVELADOR 1 COND. 2 TA
PSAI-AZ-EX-AE,121644.0,ANTES MOV CONDUC AUXILIAR TB
PSAI-AZ-EX-AE,112863.0,ANTES BBA HIDRAÚL COND AUX TB
PSAI-AZ-EX-AE,122113.0,ANTES REDUCTOR ALIMENTADOR MESA 1 TA
PSAI-AZ-EX-AE,122136.0,ANTES REDUCTOR ALIMENTADOR MESA 2TA
PSAI-AZ-EX-AE,122137.0,Antes Alimentador 1 TA
PSAI-AZ-EX-AE,122139.0,Antes Alimentador 2 TA
PSAI-AZ-EX-AE,122142.0,ANTES REDUCTOR ALIMENTADOR MESA 2 TA
PSAI-AZ-EX-AE,123045.0,Sistema rodillos de limpieza mesa 1 TA
PSAI-AZ-EX-AE,123046.0,ANTES REDU RODILLO LIMPIEZ 1 MESA 1TA
PSAI-AZ-EX-AE,123048.0,ANTES REDUCTOR RODILLO LIMP 2 MESA 1 TA
PSAI-AZ-EX-AE,123050.0,ANTES REDUC RODILLO LIMPIEZ 3 MESA 1TA
PSAI-AZ-EX-AE,123052.0,Antes Rodillo de limpieza 1 mesa 1 TA
PSAI-AZ-EX-AE,123053.0,Antes Rodillo de limpieza 2 mesa 1 TA
PSAI-AZ-EX-AE,123054.0,Antes Rodillo de limpieza 3 mesa 1 TA
PSAI-AZ-EX-AE,123055.0,Sistema rodillos de limpieza mesa 2 TA
PSAI-AZ-EX-AE,123056.0,Antes Rodillo de limpieza 4 mesa 2 TA
PSAI-AZ-EX-AE,123057.0,Antes Rodillo de limpieza 5 mesa 2 TA
PSAI-AZ-EX-AE,123058.0,Antes Rodillo de limpieza 6 mesa 2 TA
PSAI-AZ-EX-AE,123059.0,ANTES REDUCTOR RODILLO LIMP.4 MESA 2 TA
PSAI-AZ-EX-AE,123061.0,ANTES REDUCTOR RODILLO LIMP.5 MESA 2 TA
PSAI-AZ-EX-AE,123063.0,ANTES REDUCTOR RODILLO LIMP.6 MESA 2 TA
PSAI-AZ-EX-AE,123838.0,Tanque Retorno de Fibra TA
PSAI-AZ-EX-AE,122163.0,"BOMBA BC0624, CENTRÍFUGA"
PSAI-AZ-EX-AE,123839.0,"BOMBA BC0634, CENTRÍFUGA"
PSAI-AZ-EX-AE,123843.0,Tanque Retorno de Fibra TB
PSAI-AZ-EX-AE,109188.0,BBA 1 RETORNO FIBRA TB (F.USO)
PSAI-AZ-EX-AE,123844.0,ANTES BOMBA 2 RETORNO FIBRA TB
PSAI-AZ-EX-AE,124057.0,ANTES Rodillos de Rastrillo TB
PSAI-AZ-EX-AE,100061.0,Reductor Rodillos de Rastrillo TB
PSAI-AZ-EX-AE,127009.0,BBA LIMP FILTRO ROTATIVO TA
PSAI-AZ-EX-AE,127013.0,ANTES MOV. CONDUCTOR CAÑA 2 TB
PSAI-AZ-EX-AE,127040.0,ANTES MOV.COND INTERMEDIO 2 TA
PSAI-AZ-EX-AE,127042.0,ANTES MOV.COND INTERMEDIO 3 TA
PSAI-AZ-EX-AE,127046.0,ANTES MOV.COND INTERMEDIO 3 TB
PSAI-AZ-EX-AE,127495.0,DISPONIB FRENTE A FURGON S.I.
PSAI-AZ-EX-AE,127497.0,BOLUTA DAÑADA PREDIO PANAMA
PSAI-AZ-EX-AE,127498.0,PREDIO PANAMA NO LOCALIZADO
PSAI-AZ-EX-AE,127500.0,DAÑADO GALERA FRENT A FURGON
PSAI-AZ-EX-AE,127501.0,PENDIENTE UBICAR
PSAI-AZ-EX-AE,127502.0,EN MANTENIMIENTO MOLINOS
PSAI-AZ-EX-AE,127503.0,TALLER REDUCTORES PATIO CAÑA
PSAI-AZ-EX-AE,127507.0,TALLER REDUCTORES PATIO CAÑA
PSAI-AZ-EX-AE,127508.0,TALLER REDUCTORES PATIO CAÑA
PSAI-AZ-EX-AE,127509.0,PENDIENTE UBICACION
PSAI-AZ-EX-AE,127510.0,PENDIENTE UBICAR
PSAI-AZ-EX-AE,127511.0,PENDIENTE UBICACION
PSAI-AZ-EX-AE,127512.0,DISPONIBLE PARA CONDUCTOR 1TB
PSAI-AZ-EX-AE,131922.0,ANTES MOV NIV 2 COND CAÑA 2 TB
PSAI-AZ-EX-AE,137286.0,ANTES REDUCTOR DE BAJA MOL1 TB
PSAI-AZ-EX-AE/REP,109027.0,MOV CONDUC AUX TA (F USO)
PSAI-AZ-EX-AE/REP,112794.0,LUB MOV CONDUC AUX TA (F.USO)
PSAI-AZ-EX-AE/REP,109028.0,ANTES MOV CONDUC DE CAÑA 1 TA
PSAI-AZ-EX-AE/REP,112796.0,ANTES BBA LUBR CONDUC CAÑA1 TA
PSAI-AZ-EX-AE/REP,112815.0,"Antes Hagglunds MB-1600, 8RPM M2TA"
PSAI-AZ-EX-AE/REP,114083.0,ANTES BBA ASIST MAZA CAÑ M2TA
PSAI-AZ-EX-AE/REP,112818.0,"Hagglunds MB-1600, 8RPM"
PSAI-AZ-EX-AE/REP,112881.0,Rep-Hagglunds MB-2600 Cañero 2 TB
PSAI-AZ-EX-AE/REP,114082.0,BBA1 ASISTIDA MAZA CAÑERA M2TA
PSAI-AZ-EX-AE/REP,114089.0,REP-BBA ASISTIDA MAZA CAÑERA M2TB
PSAI-AZ-EX-AE/REP,114098.0,BBA2 ASISTIDA MAZA CAÑERA M2TA
PSAI-AZ-EX-AE/REP,120701.0,REPUESTO MOV. COND. INTERMEDIO
PSAI-AZ-EX-AE/REP,122110.0,ANTES MOV FILTRO BAGACILLO TA
PSAI-AZ-EX-AE/REP,123018.0,ANTES BBA 4 MACERACION
PSAI-AZ-EX-AE/REP,124375.0,REP-RED SINFÍN RASTRA BAGACILLO TA
PSAI-AZ-EX-AE/REP,124376.0,REP-REDUC SINFÍN RASTRA TB
PSAI-AZ-EX-AE/REP,127044.0,ANTES MOV.COND INTERMEDIO 2 TB
PSAI-AZ-EX-AE/REP,127494.0,TALLER DE REDUCTORES PATIO CAÑ
PSAI-AZ-EX-AE/REP,127496.0,DESACOPLADA ANTES BBA 1 ASEPSI
PSAI-AZ-EX-AE/REP,131906.0,Rep-Reductor Conductor Intermedio 3 TA
PSAI-AZ-EX-AE/REP,131911.0,Rep-Reductor Conductor Intermedio 3 TB
PSAI-AZ-EX-AE/REP,135410.0,Repuesto Bombas de Maceración TA
PSAI-AZ-EX-AE/REP,135411.0,Repuesto Bombas de Maceración TB
PSAI-AZ-EX-MO/AEL,114050.0,ANTES BBA CONDUCTOR CAÑA 2 TB
PSAI-AZ-EX-MO/ASE,137330.0,Bomba agua asepsia #1 TA
PSAI-AZ-EX-MO/ASE,137331.0,Bomba agua asepsia auxiliar
PSAI-AZ-EX-MO/ASE,137332.0,Bomba agua asepsia #1 TB
PSAI-AZ-EX-MO/BSM,,BANCAZOS SOLDADURA DE MAZAS
PSAI-AZ-EX-MO/BSM,122827.0,Carretón movil piezas
PSAI-AZ-EX-MO/BSM,130772.0,Bancazo 1 soldadura de mazas
PSAI-AZ-EX-MO/BSM,135557.0,Reductor Bancazo 1 Soldadura de mazas
PSAI-AZ-EX-MO/BSM,130773.0,Bancazo 2 soldadura de mazas
PSAI-AZ-EX-MO/BSM,135558.0,Reductor Bancazo 2 Soldadura de mazas
PSAI-AZ-EX-MO/BSM,130774.0,Bancazo 3 soldadura de mazas
PSAI-AZ-EX-MO/BSM,135559.0,Reductor Bancazo 3 Soldadura de mazas
PSAI-AZ-EX-MO/BSM,130775.0,Bancazo 4 soldadura de mazas
PSAI-AZ-EX-MO/BSM,135560.0,Reductor Bancazo 4 Soldadura de mazas
PSAI-AZ-EX-MO/BSM,130776.0,Bancazo 5 soldadura de mazas
PSAI-AZ-EX-MO/BSM,135561.0,Reductor Bancazo 5 Soldadura de mazas
PSAI-AZ-EX-MO/BSM,130777.0,Bancazo 6 soldadura de mazas
PSAI-AZ-EX-MO/BSM,135562.0,Reductor Bancazo 6 Soldadura de mazas
PSAI-AZ-EX-MO/BSM,130779.0,Bancazo 7 soldadura de mazas
PSAI-AZ-EX-MO/BSM,135563.0,Reductor Bancazo 7 Soldadura de mazas
PSAI-AZ-EX-MO/BSM,142660.0,Bancazo 8 soldadura de mazas
PSAI-AZ-EX-MO/BSM,142661.0,Bancazo 9 soldadura de mazas
PSAI-AZ-EX-MO/CIA,131905.0,Reductor Repuesto Cond Intermedio 2 TA
PSAI-AZ-EX-MO/CIA,135095.0,"Reductor Repuesto Intermedios 3,4,5,6 TA"
PSAI-AZ-EX-MO/CIA-CIN2TA,137321.0,Reductor Conductor Intermedio 2TA
PSAI-AZ-EX-MO/CIA-CIN3TA,135478.0,Reductor Conductor Intermedio 3 TA
PSAI-AZ-EX-MO/CIA-CIN4TA,135096.0,Reductor Conductor Intermedio 4 TA
PSAI-AZ-EX-MO/CIA-CIN5TA,131908.0,Reductor Conductor Intermedio 5 TA
PSAI-AZ-EX-MO/CIA-CIN6TA,131909.0,Reductor Conductor Intermedio 6 TA
PSAI-AZ-EX-MO/CIB,131907.0,"Reductor Repuesto Intermedios 3,4,5,6 TB"
PSAI-AZ-EX-MO/CIB-CIN2TB,137322.0,Reductor Flender  Intermedio 2TB
PSAI-AZ-EX-MO/CIB-CIN3TB,131910.0,Reductor Conductor Intermedio 3 TB
PSAI-AZ-EX-MO/CIB-CIN4TB,131912.0,Reductor Conductor Intermedio 4 TB
PSAI-AZ-EX-MO/CIB-CIN5TB,131913.0,Reductor Conductor Intermedio 5 TB
PSAI-AZ-EX-MO/CIB-CIN6TB,131914.0,Reductor Conductor Intermedio 6 TB
PSAI-AZ-EX-MO/ECM,,ENFRIAM CHUMACERAS MOL TA/TB
PSAI-AZ-EX-MO/ECM,134721.0,Tanque de agua fría Molinos
PSAI-AZ-EX-MO/ECM,134722.0,Bba 1 Enfriamiento Chumaceras Molinos
PSAI-AZ-EX-MO/ECM,134723.0,Bba 2 Enfriamiento Chumaceras Molinos
PSAI-AZ-EX-MO/ECM,134725.0,Bba Limpieza de Pisos Molinos
PSAI-AZ-EX-MO/GPA,108264.0,"Grúa puente, 40 t TA"
PSAI-AZ-EX-MO/GPA,135482.0,Reductor Movimiento 1 Grúa puente 40t TA
PSAI-AZ-EX-MO/GPA,135483.0,Reductor Movimiento 2 Grúa puente 40t TA
PSAI-AZ-EX-MO/GPA,131915.0,"Grúa puente, 50 t TA"
PSAI-AZ-EX-MO/GPB,108265.0,"Grúa puente, 40 t TB"
PSAI-AZ-EX-MO/GPB,131916.0,"Grúa puente, 50 t TB"
PSAI-AZ-EX-MO/IMB,108193.0,Tanque agua imbibición
PSAI-AZ-EX-MO/IMB,109182.0,Bomba Agua Imbibición 1 TA
PSAI-AZ-EX-MO/IMB,109191.0,Bomba Agua Imbibición 1 TB
PSAI-AZ-EX-MO/IMB,121810.0,Bomba Agua Imbibición AUX TA/TB
PSAI-AZ-EX-MO/MJA,108282.0,Manejo de jugo TA
PSAI-AZ-EX-MO/MJA,109112.0,Tubería maceración 4 a 3
PSAI-AZ-EX-MO/MJA,109113.0,Tubería maceración 6 a 5
PSAI-AZ-EX-MO/MJA,109321.0,Tubería maceración 3 a 2
PSAI-AZ-EX-MO/MJA,109323.0,Tubería maceración 5 a 4
PSAI-AZ-EX-MO/MJA,109326.0,Tubería jugo diluido a torres
PSAI-AZ-EX-MO/MJA-FRBZOA,112865.0,Reductor Filtro Bagacillo TA
PSAI-AZ-EX-MO/MJA-SFBZOA,137323.0,Reductor Sinfin Rastra Bagacillo TA
PSAI-AZ-EX-MO/MJA-TQJFTA,132007.0,Bomba 1 de Jugo Filtrado TA
PSAI-AZ-EX-MO/MJA-TQJFTA,132008.0,Bomba 2 de Jugo Filtrado TA
PSAI-AZ-EX-MO/MJA-TQJMTA,122147.0,Bomba 1 Jugo Mezclado TA
PSAI-AZ-EX-MO/MJA-TQJMTA,122149.0,Bomba 2 Jugo Mezclado TA
PSAI-AZ-EX-MO/MJB-FRBZOB,112799.0,Reductor Filtro de Bagacillo TB
PSAI-AZ-EX-MO/MJB-SFBZOB,,SINFÍN RASTRA DE BAGACILLO TB
PSAI-AZ-EX-MO/MJB-SFBZOB,137324.0,Reductor Sinfin Rastra Bagacillo TB
PSAI-AZ-EX-MO/MJB-TQJFTB,109298.0,Bomba 1 Jugo Filtrado TB
PSAI-AZ-EX-MO/MJB-TQJFTB,121814.0,Bomba 2 Jugo Filtrado TB
PSAI-AZ-EX-MO/MJB-TQJMTB,122680.0,Bomba 1 Jugo Mezclado TB
PSAI-AZ-EX-MO/MJB-TQJMTB,122687.0,Bomba 2 Jugo Mezclado TB
PSAI-AZ-EX-MO/MMG,109042.0,Cuarta Maza PA4-209
PSAI-AZ-EX-MO/MMG,109043.0,Maza cañera PAI-2003-15-B
PSAI-AZ-EX-MO/MMG,109044.0,Cuarta maza PA4-226
PSAI-AZ-EX-MO/MMG,109053.0,Maza bagacera PAI-2004-04-VJ
PSAI-AZ-EX-MO/MMG,109054.0,Cuarta maza PA4-Y2K-02-VJ
PSAI-AZ-EX-MO/MMG,109056.0,Maza superior PAS-2015-01-F
PSAI-AZ-EX-MO/MMG,109059.0,Maza bagacera PAI-2010-01-F
PSAI-AZ-EX-MO/MMG,109088.0,Maza superior PBS-Y2K3-01
PSAI-AZ-EX-MO/MMG,109092.0,Maza bagacera PBI-211
PSAI-AZ-EX-MO/MMG,109094.0,Maza bagacera PBI-9803
PSAI-AZ-EX-MO/MMG,109155.0,Maza bagacera PAI-2003-03-B
PSAI-AZ-EX-MO/MMG,109159.0,Cuarta maza PA4-2003-10-B
PSAI-AZ-EX-MO/MMG,109161.0,Maza superior PBS-2005-02-VJ
PSAI-AZ-EX-MO/MMG,109162.0,Maza cañera PAI-2004-03-VJ
PSAI-AZ-EX-MO/MMG,109169.0,Maza bagacera PAI-2004-01-VJ
PSAI-AZ-EX-MO/MMG,109173.0,Maza cañera PAS-2010-02-F
PSAI-AZ-EX-MO/MMG,109179.0,Maza superior PAS-2003-11-B
PSAI-AZ-EX-MO/MMG,109180.0,Maza cañera PAI-2003-08-B
PSAI-AZ-EX-MO/MMG,109240.0,Maza bagacera PBI-2010-05-VJ
PSAI-AZ-EX-MO/MMG,109246.0,Maza bagacera PBI-201
PSAI-AZ-EX-MO/MMG,109248.0,Maza bagacera PBI-213
PSAI-AZ-EX-MO/MMG,109249.0,Cuarta maza PB4-04
PSAI-AZ-EX-MO/MMG,109253.0,Maza superior PBS-212
PSAI-AZ-EX-MO/MMG,109255.0,cuarta Maza PBI-220
PSAI-AZ-EX-MO/MMG,109260.0,Maza PBS-204
PSAI-AZ-EX-MO/MMG,109261.0,Maza cañera PBI-206
PSAI-AZ-EX-MO/MMG,109263.0,Cuarta maza PB4-06
PSAI-AZ-EX-MO/MMG,109266.0,Maza superior PBS-9804
PSAI-AZ-EX-MO/MMG,109268.0,Cuarta maza PB4-01
PSAI-AZ-EX-MO/MMG,109273.0,Maza cañera PBI-K01
PSAI-AZ-EX-MO/MMG,109275.0,Cuarta maza PB4-2003-12-B
PSAI-AZ-EX-MO/MMG,119798.0,Maza superior PAS-2009-01-F
PSAI-AZ-EX-MO/MMG,119799.0,Maza bagacera PAI-2015-01 BR
PSAI-AZ-EX-MO/MMG,119806.0,Maza superior PBS-2008-02
PSAI-AZ-EX-MO/MMG,119906.0,Maza superior PAS-2013-02-F
PSAI-AZ-EX-MO/MMG,120316.0,Maza superior PAS-2012-01-MEX
PSAI-AZ-EX-MO/MMG,120317.0,Maza bagacera PAI-2011-02-F
PSAI-AZ-EX-MO/MMG,120318.0,Cuarta Maza PA4-2003-06
PSAI-AZ-EX-MO/MMG,120319.0,Maza superior PAS-2003-01
PSAI-AZ-EX-MO/MMG,120321.0,Maza cañera PBS-204
PSAI-AZ-EX-MO/MMG,120322.0,Maza bagacera PAI-2004-02-VJ
PSAI-AZ-EX-MO/MMG,120323.0,Maza superior PAS-2010-03-F
PSAI-AZ-EX-MO/MMG,120327.0,Cuarta maza PA4-9305
PSAI-AZ-EX-MO/MMG,120328.0,Maza cañera PAI-2003-13-B
PSAI-AZ-EX-MO/MMG,120330.0,Maza bagacera XX
PSAI-AZ-EX-MO/MMG,120331.0,Maza cañera PBI-2012-03-MEX
PSAI-AZ-EX-MO/MMG,120332.0,Maza bagacera PBI-2012-02-MEX
PSAI-AZ-EX-MO/MMG,120333.0,Cuarta maza XX
PSAI-AZ-EX-MO/MMG,120334.0,Maza bagacera PBS-215
PSAI-AZ-EX-MO/MMG,120335.0,Maza superior PBS-2011-03
PSAI-AZ-EX-MO/MMG,120336.0,Maza bagacera PBI-218
PSAI-AZ-EX-MO/MMG,120338.0,Cuarta maza PB4-05
PSAI-AZ-EX-MO/MMG,120409.0,Cuarta maza XX
PSAI-AZ-EX-MO/MMG,120434.0,Maza bagacera PBI-202
PSAI-AZ-EX-MO/MMG,120459.0,Maza superior PBI-224
PSAI-AZ-EX-MO/MMG,120469.0,Maza cañera PBS-208
PSAI-AZ-EX-MO/MMG,120480.0,Maza cañera PBS-2015-02 DR
PSAI-AZ-EX-MO/MMG,120481.0,Cuarta Maza PBS-Y2K1-02
PSAI-AZ-EX-MO/MMG,120482.0,Maza Superior PAS-2011-01-F
PSAI-AZ-EX-MO/MMG,120483.0,Maza Superior PAS-2009-02-VJ
PSAI-AZ-EX-MO/MMG,122170.0,Maza bagacera PBS-2015-02
PSAI-AZ-EX-MO/MMG,122171.0,Maza Cañera PB1-2015-03
PSAI-AZ-EX-MO/MMG,123069.0,Maza Superior PAI-2016-01-ACO
PSAI-AZ-EX-MO/MMG,123070.0,Maza bagacera PAI-2016-02-ACO
PSAI-AZ-EX-MO/MMG,123075.0,Maza superior PBI-2016-05-ACO
PSAI-AZ-EX-MO/MMG,124108.0,Maza cañera PAI-2011-02
PSAI-AZ-EX-MO/MMG,124111.0,Maza bagacera PAI-2018-03-ACO
PSAI-AZ-EX-MO/MMG,124114.0,Maza bagacera PAI-2018-02-ACO-DR
PSAI-AZ-EX-MO/MMG,124115.0,Maza Superior PBS-2018-04-DR
PSAI-AZ-EX-MO/MMG,124710.0,Maza superior PBS-2015-06
PSAI-AZ-EX-MO/MMG,124723.0,Maza bagacera PAI-2015-06
PSAI-AZ-EX-MO/MMG,124724.0,Maza cañera PAI-214
PSAI-AZ-EX-MO/MMG,124725.0,Maza cañera PBI-9808
PSAI-AZ-EX-MO/MMG,135015.0,Maza PBI-2003-08
PSAI-AZ-EX-MO/MMG,135016.0,Maza PBI-2018-02
PSAI-AZ-EX-MO/MMG,135017.0,Maza PA4-2000-02-VJ
PSAI-AZ-EX-MO/MMG,135018.0,Maza PBI-2022-01
PSAI-AZ-EX-MO/MMG,135019.0,Maza PAS-2016-01-ACO
PSAI-AZ-EX-MO/MMG,135020.0,Maza PBI-2020-02-FRI
PSAI-AZ-EX-MO/MMG,135023.0,Maza PBS-2011-05
PSAI-AZ-EX-MO/MMG,135026.0,Maza PAS-2010-01-IND
PSAI-AZ-EX-MO/MOA-ENFMOL,109106.0,Chiller 1 Convertidores Molinos TA/TB
PSAI-AZ-EX-MO/MOA-ENFMOL,127019.0,Bomba 1 Chiller 1
PSAI-AZ-EX-MO/MOA-ENFMOL,127021.0,Bomba 2 Chiller 1
PSAI-AZ-EX-MO/MOA-ENFMOL,109307.0,Chiller 2 Convertidores Molinos TA/TB
PSAI-AZ-EX-MO/MOA-ENFMOL,112933.0,Bomba 1 Chiller 2
PSAI-AZ-EX-MO/MOA-ENFMOL,135029.0,Manejadora 1 Convertidores Molinos TA/TB
PSAI-AZ-EX-MO/MOA-ENFMOL,135030.0,Manejadora 2 Convertidores Molinos TA/TB
PSAI-AZ-EX-MO/MOA-MOL1TA,109041.0,Acople de eslingas M1TA
PSAI-AZ-EX-MO/MOA-MOL1TA-MAZA,132582.0,Maza Superior S-ISG-2020-01
PSAI-AZ-EX-MO/MOA-MOL1TA-MAZA,132583.0,Maza cañera I-ISG-2020-01
PSAI-AZ-EX-MO/MOA-MOL1TA-MAZA,132584.0,Maza bagacera I-ISG-2020-02
PSAI-AZ-EX-MO/MOA-MOL1TA-MAZA,132585.0,Cuarta maza 4-ISG-2020-01
PSAI-AZ-EX-MO/MOA-MOL1TA-POTE,131902.0,Reductor Planerario Molino 1 TA
PSAI-AZ-EX-MO/MOA-MOL1TA-POTE,137900.0,Bomba Lubricación Red Planetario M1TA
PSAI-AZ-EX-MO/MOA-MOL2TA,109047.0,Acople de Eslingas M2TA
PSAI-AZ-EX-MO/MOA-MOL2TA-MAZA,136976.0,Maza superior S-ISG-2024-01-TA
PSAI-AZ-EX-MO/MOA-MOL2TA-MAZA,136977.0,Maza bagacera I-ISG-2024-02-TA
PSAI-AZ-EX-MO/MOA-MOL2TA-MAZA,136978.0,Maza cañera I-ISG-2024-01-TA
PSAI-AZ-EX-MO/MOA-MOL2TA-MAZA,137068.0,Cuarta Maza 4-ISG-2024-01
PSAI-AZ-EX-MO/MOA-MOL2TA-POTE,137339.0,Reductor Planetario Molino 2 TA
PSAI-AZ-EX-MO/MOA-MOL2TA-POTE,137340.0,Bomba Lubricación Red Planetario M2TA
PSAI-AZ-EX-MO/MOA-MOL3TA,109160.0,Acople de Eslingas M3TA
PSAI-AZ-EX-MO/MOA-MOL3TA-MAZA,132590.0,Maza cañera PBI-201-VJ
PSAI-AZ-EX-MO/MOA-MOL3TA-MAZA,132591.0,Maza bagacera PBS-204-VJ
PSAI-AZ-EX-MO/MOA-MOL3TA-MAZA,132592.0,Cuarta Maza PA4-Y2K1-02-VJ
PSAI-AZ-EX-MO/MOA-MOL3TA-MAZA,134704.0,Maza superior PBS 2015-06
PSAI-AZ-EX-MO/MOA-MOL3TA-MAZA,136960.0,Maza superior MRS-2024-01-FRI
PSAI-AZ-EX-MO/MOA-MOL3TA-POTE,109040.0,Reductor de Baja Molino 3 TA
PSAI-AZ-EX-MO/MOA-MOL3TA-POTE,112913.0,Bba Lubricación Principal Red baja M3TA
PSAI-AZ-EX-MO/MOA-MOL3TA-POTE,114072.0,Bba Lubricación Auxiliar Eje Baja M3 TA
PSAI-AZ-EX-MO/MOA-MOL3TA-POTE,112812.0,"Hagglunds MB-2400, Cañera M3 TA"
PSAI-AZ-EX-MO/MOA-MOL3TA-POTE,114084.0,Bomba 1 Asistida Maza Cañera Molino 3TA
PSAI-AZ-EX-MO/MOA-MOL3TA-POTE,138450.0,Bomba 2 Asistida Maza Cañera Molino 3TA
PSAI-AZ-EX-MO/MOA-MOL4TA,109167.0,Acople flexible M4TA
PSAI-AZ-EX-MO/MOA-MOL4TA-MAZA,109057.0,Cuarta maza PA4-2004-05-VJ
PSAI-AZ-EX-MO/MOA-MOL4TA-MAZA,120337.0,Maza cañera PBI-225
PSAI-AZ-EX-MO/MOA-MOL4TA-MAZA,132593.0,Maza superior PBS-2009-03
PSAI-AZ-EX-MO/MOA-MOL4TA-MAZA,132594.0,Maza bagacera PBI 2010-05
PSAI-AZ-EX-MO/MOA-MOL4TA-POTE,109046.0,Reductor de Baja Molino 4 TA
PSAI-AZ-EX-MO/MOA-MOL4TA-POTE,112911.0,Bba Lubricación Auxiliar Red Baja M4TA
PSAI-AZ-EX-MO/MOA-MOL4TA-POTE,112912.0,Bba Lubricación Principal Red Baja M4TA
PSAI-AZ-EX-MO/MOA-MOL4TA-POTE,112821.0,"Hagglunds MB-1600, Cañera M4 TA"
PSAI-AZ-EX-MO/MOA-MOL4TA-POTE,114085.0,Bomba Asistida Maza Cañera Molino 4TA
PSAI-AZ-EX-MO/MOA-MOL5TA,109058.0,Acople flexible M5TA
PSAI-AZ-EX-MO/MOA-MOL5TA-MAZA,109062.0,Cuarta maza PA4-2003-18-B
PSAI-AZ-EX-MO/MOA-MOL5TA-MAZA,119905.0,Maza superior PAS-2013-01-F
PSAI-AZ-EX-MO/MOA-MOL5TA-MAZA,120326.0,Maza cañera PAI-2010-04-F
PSAI-AZ-EX-MO/MOA-MOL5TA-MAZA,124707.0,Maza bagacera PAI-2015-07-ACO
PSAI-AZ-EX-MO/MOA-MOL5TA-MAZA,136959.0,Maza bagacera PBI-2024-01-FRI
PSAI-AZ-EX-MO/MOA-MOL5TA-POTE,109171.0,Reductor de Baja Molino 5 TA
PSAI-AZ-EX-MO/MOA-MOL5TA-POTE,112917.0,Bba Lubricación Auxiliar Red Baja M5TA
PSAI-AZ-EX-MO/MOA-MOL5TA-POTE,112918.0,Bba Lubricación Principal Red Baja M5TA
PSAI-AZ-EX-MO/MOA-MOL5TA-POTE,112824.0,"Hagglunds MB-1600, Cañera M5 TA"
PSAI-AZ-EX-MO/MOA-MOL5TA-POTE,114086.0,Bomba Asistida Maza Cañera Molino 5TA
PSAI-AZ-EX-MO/MOA-MOL6TA,109061.0,Acople de eslingas M6TA
PSAI-AZ-EX-MO/MOA-MOL6TA-MAZA,123072.0,Maza Cañera PBI-2016-06-ACO REPUESTO
PSAI-AZ-EX-MO/MOA-MOL6TA-MAZA,124112.0,Maza Bagacera PBI-2018-05-DR
PSAI-AZ-EX-MO/MOA-MOL6TA-MAZA,124727.0,Cuarta maza PB4-2018-01
PSAI-AZ-EX-MO/MOA-MOL6TA-MAZA,132595.0,Maza superior PBS-2020-03-ACO
PSAI-AZ-EX-MO/MOA-MOL6TA-POTE,100050.0,Hagglunds MB-2600 Cañera M6 TA
PSAI-AZ-EX-MO/MOA-MOL6TA-POTE,100051.0,Bomba 1 Asistida Maza Cañera Molino 6TA
PSAI-AZ-EX-MO/MOA-MOL6TA-POTE,100053.0,Bomba 2 Asistida Maza Cañera Molino 6TA
PSAI-AZ-EX-MO/MOA-MOL6TA-POTE,129458.0,Reductor Planetario Molino 6 TA
PSAI-AZ-EX-MO/MOA-MOL6TA-POTE,137901.0,Bomba Lubricación Red Planetario M6TA
PSAI-AZ-EX-MO/MOA-MZAREP,109049.0,Maza bagacera PAI-2003-04-B
PSAI-AZ-EX-MO/MOA-MZAREP,109050.0,Maza cañera PAI-2003-05-B
PSAI-AZ-EX-MO/MOA-MZAREP,109060.0,Cuarta maza PA4-9707
PSAI-AZ-EX-MO/MOA-MZAREP,109168.0,Maza bagacera PBI-205-VJ (eje s/camisa)
PSAI-AZ-EX-MO/MOA-MZAREP,109174.0,Maza bagacera PAI-2003-14-B
PSAI-AZ-EX-MO/MOA-MZAREP,109181.0,Maza bagacera PAI-2003-09-B
PSAI-AZ-EX-MO/MOA-MZAREP,109262.0,Maza Sup PAI-2009-03-VJ (eje s/camisa)
PSAI-AZ-EX-MO/MOA-MZAREP,119805.0,Maza cañera PBI-2009-04-VJ
PSAI-AZ-EX-MO/MOA-MZAREP,120324.0,Maza cañera PAI-2003-17-B
PSAI-AZ-EX-MO/MOA-MZAREP,121639.0,Maza superior PAS-2014-02-IND
PSAI-AZ-EX-MO/MOA-MZAREP,121640.0,Maza superior PAS-2014-01-IND
PSAI-AZ-EX-MO/MOA-MZAREP,123073.0,Maza bagacera PBI-2016-07-ACO
PSAI-AZ-EX-MO/MOA-MZAREP,124109.0,Maza superior PAI-2014-02-DR
PSAI-AZ-EX-MO/MOA-MZAREP,124110.0,Maza cañera PAI-2015-01
PSAI-AZ-EX-MO/MOA-MZAREP,132586.0,Maza superior MRS-2022-02
PSAI-AZ-EX-MO/MOA-MZAREP,132587.0,Maza cañera MRC-2022-02
PSAI-AZ-EX-MO/MOA-MZAREP,132588.0,Maza bagacera MRB-2022-02
PSAI-AZ-EX-MO/MOA-MZAREP,132589.0,Cuarta Maza MR4-2022-02
PSAI-AZ-EX-MO/MOA-MZAREP,135022.0,Repuesto Maza Sup PBS-2021-01-ACO M4TA
PSAI-AZ-EX-MO/MOA-MZAREP,135037.0,Repuesto Maza Sup S-ISG 2020-02 Mol.1 TA
PSAI-AZ-EX-MO/MOA-MZAREP,135113.0,Repuesto Cañera PBI-2022-02-ACO Mol.TA
PSAI-AZ-EX-MO/MOA-MZAREP,135190.0,Repuesto Maza Bag I-ISG 2020-03 Mol.TA
PSAI-AZ-EX-MO/MOA-MZAREP,138978.0,Maza bagacera MRS-2022-01
PSAI-AZ-EX-MO/MOB-MOL1TB,109238.0,Acople de eslingas M1TB
PSAI-AZ-EX-MO/MOB-MOL1TB-MAZA,132571.0,Maza superior S-ISG-2022-02
PSAI-AZ-EX-MO/MOB-MOL1TB-MAZA,132572.0,Maza cañera I-ISG-2022-01
PSAI-AZ-EX-MO/MOB-MOL1TB-MAZA,132573.0,Maza bagacera S-ISG-2022-03
PSAI-AZ-EX-MO/MOB-MOL1TB-MAZA,132574.0,Cuarta maza 4-ISG-2022-01
PSAI-AZ-EX-MO/MOB-MOL1TB-POTE,127015.0,Reductor Planetario Molino 1 TB
PSAI-AZ-EX-MO/MOB-MOL1TB-POTE,137902.0,Bomba Lubricación Red Planetario M1TB
PSAI-AZ-EX-MO/MOB-MOL2TB,109245.0,Acople de Eslingas M2TB
PSAI-AZ-EX-MO/MOB-MOL2TB-MAZA,136979.0,Maza superior S-ISG-2024-02-TB
PSAI-AZ-EX-MO/MOB-MOL2TB-MAZA,136980.0,Maza bagacera I-ISG-2024-04-TB
PSAI-AZ-EX-MO/MOB-MOL2TB-MAZA,136981.0,Maza cañera I-ISG-2024-03-TB
PSAI-AZ-EX-MO/MOB-MOL2TB-MAZA,137069.0,Cuarta Maza 4-ISG-2024-02
PSAI-AZ-EX-MO/MOB-MOL2TB-POTE,137336.0,Reductor Planetario Molino 2 TB
PSAI-AZ-EX-MO/MOB-MOL2TB-POTE,137341.0,Bomba Lubricación Red Planetario M2TB
PSAI-AZ-EX-MO/MOB-MOL3TB,124583.0,Acople Flexible M3TB
PSAI-AZ-EX-MO/MOB-MOL3TB-MAZA,109256.0,Cuarta maza PB4-03
PSAI-AZ-EX-MO/MOB-MOL3TB-MAZA,132577.0,Maza Superior PBS-2018-04-ACO
PSAI-AZ-EX-MO/MOB-MOL3TB-MAZA,132578.0,Maza Cañera PBI-208
PSAI-AZ-EX-MO/MOB-MOL3TB-MAZA,132987.0,Maza Bagacera PBS 2009-02-VJ
PSAI-AZ-EX-MO/MOB-MOL3TB-POTE,109178.0,Reductor de Baja Molino 3 TB
PSAI-AZ-EX-MO/MOB-MOL3TB-POTE,112919.0,Bba Lubricación Auxiliar Red Baja M3TB
PSAI-AZ-EX-MO/MOB-MOL3TB-POTE,112920.0,Bba Lubricación Principal Red Baja M3TB
PSAI-AZ-EX-MO/MOB-MOL3TB-POTE,112885.0,"Hagglunds MB-2600, 8RPM Cañera M3TB"
PSAI-AZ-EX-MO/MOB-MOL3TB-POTE,114090.0,Bba 1 Asistida Maza Cañera Molino 3TB
PSAI-AZ-EX-MO/MOB-MOL3TB-POTE,137903.0,Bba 2 Asistida Maza Cañera Molino 3TB
PSAI-AZ-EX-MO/MOB-MOL4TB,124584.0,Acople Flexible M4TB
PSAI-AZ-EX-MO/MOB-MOL4TB-MAZA,119803.0,Maza Bagacera PBS-217-DR
PSAI-AZ-EX-MO/MOB-MOL4TB-MAZA,119907.0,Maza cañera PBS-210
PSAI-AZ-EX-MO/MOB-MOL4TB-MAZA,120369.0,Cuarta Maza PB4-Y2K1-01
PSAI-AZ-EX-MO/MOB-MOL4TB-MAZA,124116.0,Maza superior PBI-2018-06-ACO-DR
PSAI-AZ-EX-MO/MOB-MOL4TB-MAZA,136961.0,Maza superior PBS-2024-01-FRI
PSAI-AZ-EX-MO/MOB-MOL4TB-POTE,109258.0,Reductor de Baja Molino 4 TB
PSAI-AZ-EX-MO/MOB-MOL4TB-POTE,112887.0,Reductor de Alta Molino 4 TB
PSAI-AZ-EX-MO/MOB-MOL4TB-POTE,112888.0,Bba Lubricación Auxiliar Eje Alta M4 TB
PSAI-AZ-EX-MO/MOB-MOL4TB-POTE,112889.0,Hagglunds MB-2600 Cañera M4 TB
PSAI-AZ-EX-MO/MOB-MOL4TB-POTE,114091.0,Bba 1 Asistida Maza Cañera Molino 4TB
PSAI-AZ-EX-MO/MOB-MOL4TB-POTE,137904.0,Bba 2 Asistida Maza Cañera Molino 4TB
PSAI-AZ-EX-MO/MOB-MOL5TB,124585.0,Acople Flexible M5TB
PSAI-AZ-EX-MO/MOB-MOL5TB-MAZA,119807.0,Maza bagacera PBI-Y2K2-01
PSAI-AZ-EX-MO/MOB-MOL5TB-MAZA,123074.0,Cuarta maza PB4-220
PSAI-AZ-EX-MO/MOB-MOL5TB-MAZA,124709.0,Maza superior PBS-2015-08-CAN
PSAI-AZ-EX-MO/MOB-MOL5TB-MAZA,132579.0,Maza Cañera PBI-2015-02 DR
PSAI-AZ-EX-MO/MOB-MOL5TB-POTE,109264.0,Reductor de Baja Molino 5 TB
PSAI-AZ-EX-MO/MOB-MOL5TB-POTE,112891.0,Reductor de Alta Molino 5TB
PSAI-AZ-EX-MO/MOB-MOL5TB-POTE,112892.0,Bba Lubricación Auxiliar Eje Alta M5 TB
PSAI-AZ-EX-MO/MOB-MOL5TB-POTE,112893.0,Hagglunds MB-2600 Cañera M5 TB
PSAI-AZ-EX-MO/MOB-MOL5TB-POTE,114092.0,Bomba 1 Asistida Maza Cañera Molino 5TB
PSAI-AZ-EX-MO/MOB-MOL5TB-POTE,137905.0,Bomba 2 Asistida Maza Cañera Molino 5TB
PSAI-AZ-EX-MO/MOB-MOL6TB,131917.0,Acople de Eslingas M6TB
PSAI-AZ-EX-MO/MOB-MOL6TB-MAZA,109242.0,Cuarta maza PB4-08
PSAI-AZ-EX-MO/MOB-MOL6TB-MAZA,121638.0,Maza bagacera PBI-2014-02-IND
PSAI-AZ-EX-MO/MOB-MOL6TB-MAZA,132580.0,Maza Superior PBS-2020-04-ACO
PSAI-AZ-EX-MO/MOB-MOL6TB-MAZA,132581.0,Maza cañera PBI-2015-03
PSAI-AZ-EX-MO/MOB-MOL6TB-POTE,121571.0,Reductor Planetario Cañero M6 TB
PSAI-AZ-EX-MO/MOB-MOL6TB-POTE,121586.0,Bba Lubricación Planetario Cañero M6 TB
PSAI-AZ-EX-MO/MOB-MOL6TB-POTE,122689.0,Reductor Planetario Molino 6 TB
PSAI-AZ-EX-MO/MOB-MOL6TB-POTE,138249.0,Bomba Lubricación Red Planetario M6TB
PSAI-AZ-EX-MO/MOB-MZAREP,109089.0,Maza Cañera PBI-223
PSAI-AZ-EX-MO/MOB-MZAREP,109247.0,Maza cañera PBI-216
PSAI-AZ-EX-MO/MOB-MZAREP,109272.0,Maza superior PBS-2011-03
PSAI-AZ-EX-MO/MOB-MZAREP,109274.0,Maza cañera PBI-207
PSAI-AZ-EX-MO/MOB-MZAREP,120320.0,Maza bagacera PBS-Y2K03-02
PSAI-AZ-EX-MO/MOB-MZAREP,120329.0,Maza superior PBS-2008-01
PSAI-AZ-EX-MO/MOB-MZAREP,121637.0,Maza cañera PBI-2014-01-IND
PSAI-AZ-EX-MO/MOB-MZAREP,123071.0,Maza superior PBS-2016-03-ACO
PSAI-AZ-EX-MO/MOB-MZAREP,123076.0,Repuesto Maza Superior PBS-2016-04-ACO
PSAI-AZ-EX-MO/MOB-MZAREP,123077.0,Cuarta maza PB4-02
PSAI-AZ-EX-MO/MOB-MZAREP,124113.0,Maza Superior PAS-2018-01-ACO-DR
PSAI-AZ-EX-MO/MOB-MZAREP,124708.0,Maza superior PBS-2019-02
PSAI-AZ-EX-MO/MOB-MZAREP,124726.0,Maza Superior PBS-2019-01
PSAI-AZ-EX-MO/MOB-MZAREP,132575.0,Maza superior PBS-2020-02-FRI
PSAI-AZ-EX-MO/MOB-MZAREP,132576.0,Maza Bagacera PBI-2021-01-ACO
PSAI-AZ-EX-MO/MOB-MZAREP,135013.0,Maza Superior PBS-2020-01-FRI
PSAI-AZ-EX-MO/MOB-MZAREP,135021.0,Repuesto bagacera PBI-2020-01-FRI M5TB
PSAI-AZ-EX-MO/MOB-MZAREP,135038.0,Maza cañera PBI 2023-01 Mol.3 TB Repuest
PSAI-AZ-EX-MO/MOB-MZAREP,135039.0,Maza cañera PBI 2023-02 Mol.5 TB Repuest
PSAI-AZ-EX-MO/MOB-MZAREP,135114.0,Repuesto Cañera PBI-2022-01-ACO Mol.TB
PSAI-AZ-EX-MO/MOB-MZAREP,135120.0,Repuesto Superior S-ISG-2022-01 Mol.1 TB
PSAI-AZ-EX-MO/MOB-MZAREP,135191.0,Repuesto Bagacera I-ISG-2022-02 Mol TB
PSAI-AZ-EX-MO/MOB-MZAREP,138979.0,Maza bagacera PBI-2025-01-FRI
PSAI-AZ-EX-MO/MOB-MZAREP,138980.0,Maza bagacera PBI-2025-02-FRI
PSAI-AZ-EX-MO/MOB-MZAREP,138981.0,Cuarta maza PB4-2000-02
PSAI-AZ-EX-MO/MTA,108194.0,Tanque 1 de maceración TA
PSAI-AZ-EX-MO/MTA,122145.0,Bomba Maceración 1 TA
PSAI-AZ-EX-MO/MTA,108195.0,Tanque 2 de maceración TA
PSAI-AZ-EX-MO/MTA,126994.0,Bomba Maceración 2 TA
PSAI-AZ-EX-MO/MTA,108196.0,Tanque 3 de maceración TA
PSAI-AZ-EX-MO/MTA,121812.0,Bomba Maceración 3 TA
PSAI-AZ-EX-MO/MTA,108197.0,Tanque 4 de maceración TA
PSAI-AZ-EX-MO/MTA,126995.0,Bomba Maceración 4 TA
PSAI-AZ-EX-MO/MTB,108238.0,Tanque 1 de maceración TB
PSAI-AZ-EX-MO/MTB,123254.0,Bomba Maceración 1 TB
PSAI-AZ-EX-MO/MTB,108239.0,Tanque 2 de maceración TB
PSAI-AZ-EX-MO/MTB,121815.0,Bomba Maceración 2 TB
PSAI-AZ-EX-MO/MTB,108240.0,Tanque 3 de maceración TB
PSAI-AZ-EX-MO/MTB,126992.0,Bomba Maceración 3 TB
PSAI-AZ-EX-MO/MTB,108241.0,Tanque 4 de maceración TB
PSAI-AZ-EX-MO/MTB,126993.0,Bomba Maceración 4 TB
PSAI-AZ-EX-MO/SBA,137925.0,Tanque Sistema Hidraulico Bypass TA
PSAI-AZ-EX-MO/SBA,137927.0,Bomba Sistema Bypass TA
PSAI-AZ-EX-MO/SBB,137926.0,Tanque Sistema Hidraulico Bypass TB
PSAI-AZ-EX-MO/SBB,137928.0,Bomba Sistema Bypass TB
PSAI-AZ-EX-MO/SLA,108244.0,Sistema de lubricación coronas TA
PSAI-AZ-EX-MO/SLA,138434.0,Tanque Lubricación coronas TA
PSAI-AZ-EX-MO/SLA,138229.0,Bomba Lubricación Coronas TA
PSAI-AZ-EX-MO/SLA,108245.0,Sistema 1 de lubricación chumaceras TA
PSAI-AZ-EX-MO/SLA,109107.0,Tanque 1 Farval Lubri. Chumaceras TA
PSAI-AZ-EX-MO/SLA,112940.0,Bomba 1 Farval TA
PSAI-AZ-EX-MO/SLA,114094.0,Reductor Farval 1 TA
PSAI-AZ-EX-MO/SLA,131919.0,Sistema Hidráulico de cabezote 1 TA
PSAI-AZ-EX-MO/SLA,138435.0,Tanque 1 Aceite Hidráulico cabezote TA
PSAI-AZ-EX-MO/SLA,135008.0,Bomba 1 Sist hidráulico Cabezote TA
PSAI-AZ-EX-MO/SLA,134994.0,Sistema hidráulico cabezotes 2 TA
PSAI-AZ-EX-MO/SLA,134995.0,Tanque 2 aceite Hidráulico Cabezotes TA
PSAI-AZ-EX-MO/SLA,134996.0,Bomba 2 Sistema hidráulico Cabezotes TA
PSAI-AZ-EX-MO/SLA,139054.0,Sistema 2 de lubricación chumaceras TA
PSAI-AZ-EX-MO/SLA,109309.0,Tanque 2 Farval Lubri. Chumaceras TA
PSAI-AZ-EX-MO/SLA,112941.0,Bomba Farval 2 TA
PSAI-AZ-EX-MO/SLA,123898.0,Reductor Farval 2 TA
PSAI-AZ-EX-MO/SLA,139055.0,Sistema 3 de lubricación chumaceras TA
PSAI-AZ-EX-MO/SLA,131918.0,Tanque 3 Farval Lubri. Chumaceras TA
PSAI-AZ-EX-MO/SLA,134998.0,Bomba Farval 3 TA
PSAI-AZ-EX-MO/SLA,134999.0,Reductor Farval 3 TA
PSAI-AZ-EX-MO/SLB,108247.0,Sistema de lubricación coronas TB
PSAI-AZ-EX-MO/SLB,138436.0,Tanque Lubricación coronas TB
PSAI-AZ-EX-MO/SLB,138230.0,Bomba Lubricación Coronas TB
PSAI-AZ-EX-MO/SLB,108248.0,Sistema 1 de lubricación chumaceras TB
PSAI-AZ-EX-MO/SLB,109310.0,Tanque 1 Farval Lubri. Chumaceras TB
PSAI-AZ-EX-MO/SLB,112942.0,Bomba Lubr. Chumaceras Farval 1 TB
PSAI-AZ-EX-MO/SLB,114096.0,Reductor Bba Lubr. Chumaceras Farval 1TB
PSAI-AZ-EX-MO/SLB,131921.0,Sistema hidráulico de cabezote 1 TB
PSAI-AZ-EX-MO/SLB,138437.0,Tanque 1 aceite Hidráulico Cabezote TB
PSAI-AZ-EX-MO/SLB,135007.0,Bomba 1 Sist hidráulico Cabezote TB
PSAI-AZ-EX-MO/SLB,135001.0,Sistema hidráulico cabezotes 2 TB
PSAI-AZ-EX-MO/SLB,135002.0,Tanque aceite Hidráulico Cabezotes 2 TB
PSAI-AZ-EX-MO/SLB,135003.0,Bomba Sistema hidráulico Cabezotes 2 TB
PSAI-AZ-EX-MO/SLB,139056.0,Sistema 2 de lubricación chumaceras TB
PSAI-AZ-EX-MO/SLB,109311.0,Tanque 2 Farval Lubri. Chumaceras TB
PSAI-AZ-EX-MO/SLB,112943.0,Bomba Lubr. Chumaceras Farval 2 TB
PSAI-AZ-EX-MO/SLB,114095.0,Reductor Bba Lubr.Chumaceras Farval 2 TB
PSAI-AZ-EX-MO/SLB,139057.0,Sistema 3 de lubricación chumaceras TB
PSAI-AZ-EX-MO/SLB,131920.0,Tanque 3 Farval Lubri. Chumaceras  TB
PSAI-AZ-EX-MO/SLB,135005.0,Bomba Lubr. Chumaceras Farval 3 TB
PSAI-AZ-EX-MO/SLB,135006.0,Reductor Bba Lubr.Chumaceras Farval 3 TB
PSAI-AZ-EX-MO/TCA,108280.0,Tuberías de conducción TA
PSAI-AZ-EX-MO/TCA,109114.0,Tubería lubricación chumaceras TA
PSAI-AZ-EX-MO/TCA,109320.0,Tubería de agua fría TA
PSAI-AZ-EX-MO/TCA,109324.0,Tubería de agua imbibición TA
PSAI-AZ-EX-MO/TCA,109325.0,Tuberia de agua asepsia TA
PSAI-AZ-EX-MO/TCA,109327.0,Tubería lubricación coronas TA
PSAI-AZ-EX-MO/TCA,123818.0,Tubería Recirculación de Agua Mol.TA
PSAI-AZ-EX-MO/TCA,123837.0,Tanque Retorno Agua Molinos TA a S.R
PSAI-AZ-EX-MO/TCA,123819.0,Bomba Retorno Agua De Molinos TA
PSAI-AZ-EX-MO/TCB,108281.0,Tuberías de conducción TB
PSAI-AZ-EX-MO/TCB,109117.0,Tubería lubricación chumaceras TB
PSAI-AZ-EX-MO/TCB,109329.0,Tubería de agua fría TB
PSAI-AZ-EX-MO/TCB,109334.0,Tubería de agua imbibición TB
PSAI-AZ-EX-MO/TCB,109335.0,Tuberia de agua asepsia TB
PSAI-AZ-EX-MO/TCB,109338.0,Tubería lubricación coronas TB
PSAI-AZ-EX-MO/TCB,123850.0,Tubería Recirculación de Agua Mol.TB
PSAI-AZ-EX-MO/TCB,123851.0,Tanque Retorno Agua Molinos TB a S.R
PSAI-AZ-EX-MO/TCB,123853.0,Bomba Retorno Agua de Molinos TB
PSAI-AZ-EX-MO/TCB,123855.0,Tanque Retorno Agua Reductores TB a S.R
PSAI-AZ-EX-MO/TCB,123856.0,Bomba Retorno Agua de Reductores
PSAI-AZ-EX-MO/TEF,109303.0,Bomba 1 Enfriamiento Hidraulicos MTA
PSAI-AZ-EX-MO/TEF,109304.0,Bomba 2 Enfriamiento Hidraulicos Aux
PSAI-AZ-EX-MO/TEF,109305.0,Bomba 3 Enfriamiento Hidraulicos MTB
PSAI-AZ-EX-MO/TEF,120745.0,Bomba 1 Torre Enfriamiento Molinos
PSAI-AZ-EX-MO/TEF,120747.0,Bomba 2 Torre Enfriamiento Molinos
PSAI-AZ-EX-MO/TEF,123896.0,Ventilador torre enfriamiento de molinos
PSAI-AZ-EX-MO/TEF,131560.0,Reductor Ventilador Torre Enfria Molinos
PSAI-AZ-EX-MO/TEF,127023.0,Bomba Enfriamiento Chiller Variadores
PSAI-AZ-EX-MO/TEF,136319.0,Bomba Agua fría a Bio-etanol
PSAI-AZ-EX-PC/COA-CDA1TA,109029.0,Nivelador Conductor 1 TA
PSAI-AZ-EX-PC/COA-CDA1TA,112797.0,Reductor Nivelador Conductor 1 TA
PSAI-AZ-EX-PC/COA-CDA1TA,122694.0,Reductor Planetario Conductor 1TA
PSAI-AZ-EX-PC/COA-CDA1TA,122691.0,Bba Lubricación Planetario Conductor 1TA
PSAI-AZ-EX-PC/COA-CDA1TA,123840.0,Tanque Retorno Agua Patio TA a S.R
PSAI-AZ-EX-PC/COA-CDA1TA,123841.0,Bomba Retorno Agua De Patio TA
PSAI-AZ-EX-PC/COA-CDA1TA,131783.0,Cepillo de limpieza Conductor 1 TA
PSAI-AZ-EX-PC/COA-CDA1TA,131784.0,Reductor Cepillo Limpieza Conductor 1TA
PSAI-AZ-EX-PC/COA-CDA2TA,109030.0,Nivelador 1 conductor 2 TA
PSAI-AZ-EX-PC/COA-CDA2TA,127499.0,Reductor Nivelador 1 Conductor 2TA
PSAI-AZ-EX-PC/COA-CDA2TA,109031.0,Nivelador 2 conductor 2 TA
PSAI-AZ-EX-PC/COA-CDA2TA,112800.0,Reductor Nivelador 2 Conductor 2TA
PSAI-AZ-EX-PC/COA-CDA2TA,131995.0,Reductor Conductor 2 TA
PSAI-AZ-EX-PC/COA-CDA2TA,137290.0,Electroimán TA
PSAI-AZ-EX-PC/COA-CDAXTA,109152.0,Nivelador Conductor Auxiliar TA
PSAI-AZ-EX-PC/COA-CDAXTA,112457.0,Reductor Nivelador Conductor AUX TA
PSAI-AZ-EX-PC/COA-CDAXTA,124519.0,Reductor Planetario Conductor AUX TA
PSAI-AZ-EX-PC/COA-CDAXTA,100060.0,Bomba Lub Planetario Conductor Aux TA
PSAI-AZ-EX-PC/COA-CDAXTA,131786.0,Cepillo de limpieza Cond. Auxiliar TA
PSAI-AZ-EX-PC/COA-CDAXTA,127012.0,Reductor Cepillo De Limpieza Cond AUX TA
PSAI-AZ-EX-PC/COB-CBA2TB,,CONDUCTOR BANDA DE CAÑA 2 TB
PSAI-AZ-EX-PC/COB-CBA2TB,124391.0,Nivelador 1 conductor 2 TB
PSAI-AZ-EX-PC/COB-CBA2TB,124392.0,Reductor Nivelador 1 Conductor 2TB
PSAI-AZ-EX-PC/COB-CBA2TB,131895.0,Nivelador 2 conductor 2 TB
PSAI-AZ-EX-PC/COB-CBA2TB,127505.0,Reductor Nivelador 2 Conductor 2TB
PSAI-AZ-EX-PC/COB-CBA2TB,132003.0,Reductor Conductor 2TB
PSAI-AZ-EX-PC/COB-CBA2TB,137291.0,Electroimán TB
PSAI-AZ-EX-PC/COB-CDA1TB,109230.0,Nivelador Conductor 1 TB
PSAI-AZ-EX-PC/COB-CDA1TB,112456.0,Reductor Nivelador Conductor 1 TB
PSAI-AZ-EX-PC/COB-CDA1TB,123847.0,Tanque Retorno Agua Patio TB a S.R
PSAI-AZ-EX-PC/COB-CDA1TB,123848.0,Bomba Retorno Agua Patio TB a S.R
PSAI-AZ-EX-PC/COB-CDA1TB,124068.0,Reductor Planetario Conductor 1 TB
PSAI-AZ-EX-PC/COB-CDA1TB,137869.0,Bba Lubricación Planetario Conductor 1TB
PSAI-AZ-EX-PC/COB-CDA1TB,131548.0,Cepillo de limpieza Conductor 1 TB
PSAI-AZ-EX-PC/COB-CDA1TB,124493.0,Reductor Cepillo de limpieza Cond 1TB
PSAI-AZ-EX-PC/COB-CDAXTB,109228.0,Nivelador Conductor Auxiliar TB
PSAI-AZ-EX-PC/COB-CDAXTB,112864.0,Reductor Nivelador Conductor Auxiliar TB
PSAI-AZ-EX-PC/COB-CDAXTB,131923.0,Reductor Conductor Auxiliar TB
PSAI-AZ-EX-PC/COB-SRSBTB,124056.0,Rastrillo TB
PSAI-AZ-EX-PC/COB-SRSBTB,111481.0,Reductor rastrillo TB
PSAI-AZ-EX-PC/COB-SRSBTB,137907.0,Rastra Sacabasura TB
PSAI-AZ-EX-PC/COB-SRSBTB,109039.0,Reductor Rastra Saca Basura TB
PSAI-AZ-EX-PC/COB-STRSTB,,SISTEMA CONDUCCIÓN DE TRASH TB
PSAI-AZ-EX-PC/COB-STRSTB,124058.0,Conductor 1 trash TB
PSAI-AZ-EX-PC/COB-STRSTB,109316.0,Reductor Conductor 1 trash TB
PSAI-AZ-EX-PC/COB-STRSTB,131789.0,Conductor 2 trash TB
PSAI-AZ-EX-PC/COB-STRSTB,131790.0,Reductor conductor 2 trash TB
PSAI-AZ-EX-PC/COB-STRSTB,131791.0,Conductor 3 Trash TB
PSAI-AZ-EX-PC/COB-STRSTB,131792.0,Reductor conductor 3 Trash TB
PSAI-AZ-EX-PC/COB-GV50TA,131546.0,Sistema hidráulico Grúa volteo TA
PSAI-AZ-EX-PC/COB-GV50TA,109141.0,Bomba 1 Grúa TA
PSAI-AZ-EX-PC/COB-GV50TA,109142.0,Bomba 2 Grúa TA
PSAI-AZ-EX-PC/COB-GV50TB,131547.0,Sistema hidráulico Grúa volteo TB
PSAI-AZ-EX-PC/COB-GV50TB,109079.0,Bomba 1 Grúa TB
PSAI-AZ-EX-PC/COB-GV50TB,109219.0,Bomba 2 Grúa TB
PSAI-AZ-EX-PC/MCA,122114.0,Sistema Lubricación mesas TA
PSAI-AZ-EX-PC/MCA-MESA01,122108.0,Reductor Mesa 1 TA
PSAI-AZ-EX-PC/MCA-MESA02,122138.0,Nivelador 1 Mesa 1 TA
PSAI-AZ-EX-PC/MCA-MESA03,122135.0,Reductor Nivelador 1 Mesa 1 TA
PSAI-AZ-EX-PC/MCA-MESA02,122128.0,Reductor Mesa 2 TA
PSAI-AZ-EX-PC/MCA-MESA03,122141.0,Nivelador 2 Mesa 2 TA
PSAI-AZ-EX-PC/MCA-MESA04,127504.0,Reductor Nivelador 2 Mesa 2 TA
PSAI-AZ-EX-PC/MCA-SRSBTA,122121.0,Rastra sacabasura 1 TA
PSAI-AZ-EX-PC/MCA-SRSBTA,122123.0,Reductor Rastra sacabasura 1 TA
PSAI-AZ-EX-PC/MCA-SRSBTA,122125.0,Rastra sacabasura 2 TA
PSAI-AZ-EX-PC/MCA-SRSBTA,122126.0,Reductor Rastra sacabasura 2 TA
PSAI-AZ-EX-PC/MCA-STRSTA,122129.0,Conductor 1 Trash TA
PSAI-AZ-EX-PC/MCA-STRSTA,122132.0,Reductor Conductor 1 Trash TA
PSAI-AZ-EX-PC/MCA-STRSTA,122130.0,Conductor 2 Trash TA
PSAI-AZ-EX-PC/MCA-STRSTA,122711.0,Reductor Conductor 2 Trash TA
PSAI-AZ-EX-PC/MCA-STRSTA,122131.0,Conductor 3 Trash TA
PSAI-AZ-EX-PC/MCA-STRSTA,122713.0,Reductor Conductor 3 Trash TA
PSAI-AZ-EX-PC/MCA-STRSTA,122709.0,Conductor 4 Trash TA
PSAI-AZ-EX-PC/MCA-STRSTA,122715.0,Reductor Conductor 4 Trash TA
PSAI-AZ-EX-PC/MCB-MESA01,109080.0,Nivelador 1 Mesa 1 TB
PSAI-AZ-EX-PC/MCB-MESA02,112857.0,Reductor Nivelador 1 Mesa 1 TB
PSAI-AZ-EX-PC/MCB-MESA03,109149.0,Reductor Mesa 1 TB
PSAI-AZ-EX-PC/MCB-MESA02,109081.0,Nivelador 2 Mesa 2 TB
PSAI-AZ-EX-PC/MCB-MESA03,112860.0,Reductor Nivelador 2 Mesa 2 TB
PSAI-AZ-EX-PC/MCB-MESA04,109225.0,Reductor Mesa 2 TB
PSAI-AZ-EX-PC/MCB-MESA03,109222.0,Reductor Mesa 3 TB
PSAI-AZ-EX-PC/MCB-MESA04,109026.0,Reductor Mesa 4 TB
PSAI-AZ-EX-PC/PIA-DESFTA,,DESFIBRADORA DE CAÑA TA
PSAI-AZ-EX-PC/PIA-DESFTA,134739.0,Reductor Desfibradora TA
PSAI-AZ-EX-PC/PIA-DESFTA,134741.0,Sistema Lubr. Reductor Desfibradora TA
PSAI-AZ-EX-PC/PIA-DESFTA,134742.0,Bba lubricación Red Desfibradora TA
PSAI-AZ-EX-PC/PIA-DESFTA,134744.0,Tambor Alimentador Desfibradora TA
PSAI-AZ-EX-PC/PIA-DESFTA,134745.0,Reduc planetario Tambor Desfibradora TA
PSAI-AZ-EX-PC/PIA-DESFTA,134747.0,Sist. Lubr. Reduc Tambor Desfibradora TA
PSAI-AZ-EX-PC/PIA-DESFTA,134748.0,Bba lubri Reduc Tambor Desfibradora TA
PSAI-AZ-EX-PC/PIA-DESFTA,134750.0,Rotor Desfibradora TA
PSAI-AZ-EX-PC/PIA-DESFTA,134751.0,Sist. Lubricación Rotor Desfibradora TA
PSAI-AZ-EX-PC/PIA-DESFTA,134752.0,Tanque Elevado Lubri Rotor Desfibra TA
PSAI-AZ-EX-PC/PIA-DESFTA,134753.0,Bba Llenado Tq Elevado Rotor Desfib TA
PSAI-AZ-EX-PC/PIA-DESFTA,134755.0,Bba 1 Lubri Rotor Desfibradora TA
PSAI-AZ-EX-PC/PIA-DESFTA,134757.0,Bba 2 Lubri Rotor Desfibradora TA
PSAI-AZ-EX-PC/PIA-DESFTA,138465.0,Extractor de Martillos Desfibradora TA
PSAI-AZ-EX-PC/PIA-DESFTA,138466.0,Bomba de Extractor de Martillos TA
PSAI-AZ-EX-PC/PIA-PCH1TA,123067.0,Reductor Pre-cuchilla TA
PSAI-AZ-EX-PC/PIA-PCH1TA,131924.0,Sistema Lub Reductor Pre Cuchilla TA
PSAI-AZ-EX-PC/PIA-PCH1TA,131925.0,Bomba Lub Reductor Pre Cuchilla TA
PSAI-AZ-EX-PC/PIA-PPICTA,109034.0,Reductor Pre-Picadora TA
PSAI-AZ-EX-PC/PIA-PPICTA,112802.0,Sistema Lub Aux Reductor Pre picadora TA
PSAI-AZ-EX-PC/PIA-PPICTA,114029.0,Bomba Lub Aux Reductor Pre Pcadora TA
PSAI-AZ-EX-PC/PIB-DESFTB,123223.0,Reductor Desfibradora TB
PSAI-AZ-EX-PC/PIB-DESFTB,123231.0,Sistema Lubr. Reductor Desfibradora TB
PSAI-AZ-EX-PC/PIB-DESFTB,123232.0,Bba lubricación Red Desfibradora TB
PSAI-AZ-EX-PC/PIB-DESFTB,123225.0,Tambor Alimentador Desfibradora TB
PSAI-AZ-EX-PC/PIB-DESFTB,123226.0,Reductor Planetario Tambor Alim Desf TB
PSAI-AZ-EX-PC/PIB-DESFTB,138260.0,Sist. Lubr. Reduc Tambor Desfibradora TB
PSAI-AZ-EX-PC/PIB-DESFTB,138261.0,Bba lubri Reduc Tambor Desfibradora TB
PSAI-AZ-EX-PC/PIB-DESFTB,123234.0,Rotor Desfibradora TB
PSAI-AZ-EX-PC/PIB-DESFTB,123235.0,Sistema Lubricación Rotor DesfibradoraTB
PSAI-AZ-EX-PC/PIB-DESFTB,123236.0,Tanque Elevado Lubri Rotor Desfibra TB
PSAI-AZ-EX-PC/PIB-DESFTB,123237.0,Bomba Lubricación Tanque Elevado
PSAI-AZ-EX-PC/PIB-DESFTB,123239.0,Bba 1 Lubri Rotor Desfibradora TB
PSAI-AZ-EX-PC/PIB-DESFTB,123240.0,Bba 2 Lubri Rotor Desfibradora TB
PSAI-AZ-EX-PC/PIB-DESFTB,138467.0,Extractor de Martillos Desfibradora TB
PSAI-AZ-EX-PC/PIB-DESFTB,138468.0,Bomba de Extractor de Martillos TB
PSAI-AZ-EX-PC/PIB-PPICTB,109235.0,Reductor Pre-Picadora TB
PSAI-AZ-EX-PC/PIB-PPICTB,123065.0,Sistema Lub Reductor Pre picadora TB
PSAI-AZ-EX-PC/PIB-PPICTB,123066.0,Bomba Lub Reductor Pre Picadora TB
PSAI-AZ-EX-PC/SLA,108262.0,Sistema de lubricación centralizado TA
PSAI-AZ-EX-PC/SLB,108263.0,Sistema de lubricación centralizado TB
